id,year,statistic,team,value
id,year,statistic,Team,
1,1901,Complete Games,Philadelphia,124.0
2,1901,ERA,Chicago,2.98
3,1901,Fewest Hits Allowed,Boston,1.0
4,1901,Fewest Home Runs Allowed,Philadelphia,20.0
5,1901,Fewest Walks Allowed,Washington,284.0
6,1901,Saves,Cleveland,4.0
7,1901,Saves,Milwaukee,4.0
8,1901,Shutouts,Chicago,11.0
9,1902,Complete Games,Washington,130.0
10,1902,ERA,Boston,3.02
11,1902,Fewest Hits Allowed,Cleveland,1.0
12,1902,Fewest Home Runs Allowed,Detroit,20.0
13,1902,Fewest Walks Allowed,Washington,312.0
14,1902,Saves,Cleveland,3.0
15,1902,Saves,Detroit,3.0
16,1902,Shutouts,Cleveland,16.0
17,1903,Complete Games,Cleveland,125.0
18,1903,ERA,Boston,2.57
19,1903,Fewest Hits Allowed,Philadelphia,1.0
20,1903,Fewest Home Runs Allowed,Cleveland,16.0
21,1903,Fewest Walks Allowed,St. Louis,237.0
22,1903,Saves,Boston,4.0
23,1903,Saves,Chicago,4.0
24,1903,Shutouts,Boston,20.0
25,1903,Shutouts,Cleveland,20.0
26,1904,Complete Games,Boston,148.0
27,1904,ERA,Boston,2.12
28,1904,Fewest Hits Allowed,Philadelphia,1.0
29,1904,Fewest Home Runs Allowed,Cleveland,10.0
30,1904,Fewest Walks Allowed,Boston,233.0
31,1904,Saves,Washington,4.0
32,1904,Shutouts,Chicago,26.0
33,1904,Shutouts,Philadelphia,26.0
34,1905,Complete Games,Cleveland,140.0
35,1905,ERA,Chicago,1.99
36,1905,Fewest Hits Allowed,Philadelphia,1.0
37,1905,Fewest Home Runs Allowed,Chicago,11.0
38,1905,Fewest Home Runs Allowed,Detroit,11.0
39,1905,Fewest Walks Allowed,Boston,292.0
40,1905,Saves,New York,4.0
41,1905,Shutouts,Philadelphia,19.0
42,1906,Complete Games,Cleveland,133.0
43,1906,Complete Games,St. Louis,133.0
44,1906,ERA,Cleveland,2.09
45,1906,Fewest Hits Allowed,St. Louis,1.0
46,1906,Fewest Home Runs Allowed,Philadelphia,9.0
47,1906,Fewest Walks Allowed,Chicago,255.0
48,1906,Saves,Boston,6.0
49,1906,Shutouts,Chicago,32.0
50,1907,Complete Games,St. Louis,129.0
51,1907,ERA,Chicago,2.22
52,1907,Fewest Hits Allowed,Philadelphia,1.0
53,1907,Fewest Home Runs Allowed,Cleveland,8.0
54,1907,Fewest Home Runs Allowed,Detroit,8.0
55,1907,Fewest Walks Allowed,Chicago,305.0
56,1907,Saves,Chicago,9.0
57,1907,Saves,St. Louis,9.0
58,1907,Shutouts,Philadelphia,27.0
59,1908,Complete Games,Detroit,119.0
60,1908,ERA,Cleveland,2.02
61,1908,Fewest Hits Allowed,St. Louis,1.0
62,1908,Fewest Home Runs Allowed,St. Louis,7.0
63,1908,Fewest Walks Allowed,Chicago,284.0
64,1908,Saves,Chicago,10.0
65,1908,Shutouts,Chicago,23.0
66,1908,Shutouts,Philadelphia,23.0
67,1909,Complete Games,Detroit,117.0
68,1909,ERA,Philadelphia,1.93
69,1909,Fewest Hits Allowed,Philadelphia,1.0
70,1909,Fewest Home Runs Allowed,Chicago,8.0
71,1909,Fewest Walks Allowed,Chicago,340.0
72,1909,Saves,Boston,15.0
73,1909,Shutouts,Philadelphia,27.0
74,1910,Complete Games,Philadelphia,123.0
75,1910,ERA,Philadelphia,1.79
76,1910,Fewest Hits Allowed,Philadelphia,1.0
77,1910,Fewest Home Runs Allowed,Philadelphia,8.0
78,1910,Fewest Walks Allowed,New York,364.0
79,1910,Saves,New York,8.0
80,1910,Shutouts,Philadelphia,24.0
81,1911,Complete Games,Detroit,108.0
82,1911,ERA,Boston,2.74
83,1911,Fewest Hits Allowed,Boston,1.0
84,1911,Fewest Home Runs Allowed,Cleveland,17.0
85,1911,Fewest Home Runs Allowed,Philadelphia,17.0
86,1911,Fewest Walks Allowed,Chicago,384.0
87,1911,Saves,Philadelphia,13.0
88,1911,Shutouts,Chicago,17.0
89,1912,Complete Games,Boston,108.0
90,1912,ERA,Washington,2.69
91,1912,Fewest Hits Allowed,Washington,1.0
92,1912,Fewest Home Runs Allowed,Philadelphia,12.0
93,1912,Fewest Walks Allowed,Boston,385.0
94,1912,Saves,Chicago,16.0
95,1912,Shutouts,Boston,18.0
96,1913,Complete Games,St. Louis,104.0
97,1913,ERA,Chicago,2.33
98,1913,Fewest Hits Allowed,Washington,1.0
99,1913,Fewest Home Runs Allowed,Boston,6.0
100,1913,Fewest Walks Allowed,Chicago,438.0
101,1913,Saves,Philadelphia,22.0
102,1913,Shutouts,Washington,23.0
103,1914,Complete Games,New York,98.0
104,1914,ERA,Boston,2.36
105,1914,Fewest Hits Allowed,Washington,1.0
106,1914,Fewest Home Runs Allowed,Cleveland,10.0
107,1914,Fewest Walks Allowed,New York,390.0
108,1914,Saves,Washington,20.0
109,1914,Shutouts,Washington,25.0
110,1915,Complete Games,New York,101.0
111,1915,ERA,Washington,2.31
112,1915,Fewest Hits Allowed,Washington,1.0
113,1915,Fewest Home Runs Allowed,Washington,12.0
114,1915,Fewest Walks Allowed,Chicago,350.0
115,1915,Saves,Detroit,20.0
116,1915,Shutouts,Washington,21.0
117,1916,Complete Games,Philadelphia,94.0
118,1916,ERA,Chicago,2.36
119,1916,Fewest Hits Allowed,Chicago,1.0
120,1916,Fewest Home Runs Allowed,Boston,10.0
121,1916,Fewest Walks Allowed,Chicago,405.0
122,1916,Saves,New York,17.0
123,1916,Shutouts,Boston,24.0
124,1917,Complete Games,Boston,115.0
125,1917,ERA,Chicago,2.16
126,1917,Fewest Hits Allowed,Boston,1.0
127,1917,Fewest Home Runs Allowed,Chicago,10.0
128,1917,Fewest Walks Allowed,Boston,413.0
129,1917,Fewest Walks Allowed,Chicago,413.0
130,1917,Saves,Cleveland,22.0
131,1917,Shutouts,Chicago,22.0
132,1918,Complete Games,Boston,105.0
133,1918,ERA,Washington,2.14
134,1918,Fewest Hits Allowed,Boston,931.0
135,1918,Fewest Home Runs Allowed,Boston,9.0
136,1918,Fewest Home Runs Allowed,Chicago,9.0
137,1918,Fewest Home Runs Allowed,Cleveland,9.0
138,1918,Fewest Walks Allowed,Chicago,300.0
139,1918,Saves,Cleveland,13.0
140,1918,Saves,New York,13.0
141,1918,Shutouts,Boston,26.0
142,1919,Complete Games,Boston,89.0
143,1919,ERA,New York,2.82
144,1919,Fewest Hits Allowed,New York,1.0
145,1919,Fewest Home Runs Allowed,Boston,16.0
146,1919,Fewest Walks Allowed,Chicago,342.0
147,1919,Saves,Cleveland,10.0
148,1919,Saves,Washington,10.0
149,1919,Shutouts,Boston,15.0
150,1920,Complete Games,Chicago,109.0
151,1920,ERA,New York,3.32
152,1920,Fewest Hits Allowed,New York,1.0
153,1920,Fewest Home Runs Allowed,Cleveland,31.0
154,1920,Fewest Walks Allowed,Cleveland,401.0
155,1920,Saves,St. Louis,14.0
156,1920,Shutouts,New York,15.0
157,1921,Complete Games,New York,92.0
158,1921,ERA,New York,3.82
159,1921,Fewest Hits Allowed,New York,1.0
160,1921,Fewest Home Runs Allowed,Cleveland,43.0
161,1921,Fewest Walks Allowed,Cleveland,431.0
162,1921,Saves,Detroit,17.0
163,1921,Shutouts,Cleveland,11.0
164,1922,Complete Games,New York,100.0
165,1922,ERA,St. Louis,3.38
166,1922,Fewest Hits Allowed,New York,1.0
167,1922,Fewest Home Runs Allowed,Boston,48.0
168,1922,Fewest Walks Allowed,St. Louis,419.0
169,1922,Saves,St. Louis,22.0
170,1922,Shutouts,Cleveland,14.0
171,1923,Complete Games,New York,101.0
172,1923,ERA,New York,3.63
173,1923,Fewest Hits Allowed,New York,1.0
174,1923,Fewest Home Runs Allowed,Cleveland,36.0
175,1923,Fewest Walks Allowed,Detroit,449.0
176,1923,Saves,Washington,16.0
177,1923,Shutouts,Cleveland,10.0
178,1923,Shutouts,St. Louis,10.0
179,1924,Complete Games,Cleveland,87.0
180,1924,ERA,Washington,3.35
181,1924,Fewest Hits Allowed,Washington,1.0
182,1924,Fewest Home Runs Allowed,Washington,34.0
183,1924,Fewest Walks Allowed,Detroit,467.0
184,1924,Saves,Washington,25.0
185,1924,Shutouts,New York,13.0
186,1924,Shutouts,Washington,13.0
187,1925,Complete Games,Cleveland,93.0
188,1925,ERA,Washington,3.7
189,1925,Fewest Hits Allowed,Washington,1.0
190,1925,Fewest Home Runs Allowed,Cleveland,41.0
191,1925,Fewest Walks Allowed,Chicago,489.0
192,1925,Saves,Washington,21.0
193,1925,Shutouts,Chicago,12.0
194,1926,Complete Games,Cleveland,96.0
195,1926,ERA,Philadelphia,3.0
196,1926,Fewest Hits Allowed,Philadelphia,1.0
197,1926,Fewest Home Runs Allowed,Philadelphia,38.0
198,1926,Fewest Walks Allowed,Cleveland,450.0
199,1926,Saves,Washington,26.0
200,1926,Shutouts,Chicago,11.0
201,1926,Shutouts,Cleveland,11.0
202,1927,Complete Games,Chicago,85.0
203,1927,ERA,New York,3.2
204,1927,Fewest Hits Allowed,New York,1.0
205,1927,Fewest Home Runs Allowed,Cleveland,37.0
206,1927,Fewest Walks Allowed,New York,409.0
207,1927,Saves,Philadelphia,24.0
208,1927,Shutouts,New York,11.0
209,1927,Strikeouts,Philadelphia,553.0
210,1928,Complete Games,Chicago,88.0
211,1928,ERA,Philadelphia,3.37
212,1928,Fewest Hits Allowed,Philadelphia,1.0
213,1928,Fewest Home Runs Allowed,Washington,40.0
214,1928,Fewest Walks Allowed,Philadelphia,424.0
215,1928,Saves,New York,21.0
216,1928,Shutouts,Philadelphia,15.0
217,1928,Shutouts,Washington,15.0
218,1929,Complete Games,Boston,84.0
219,1929,ERA,Philadelphia,3.44
220,1929,Fewest Hits Allowed,Philadelphia,1.0
221,1929,Fewest Home Runs Allowed,Washington,48.0
222,1929,Fewest Walks Allowed,St. Louis,462.0
223,1929,Saves,Philadelphia,24.0
224,1929,Shutouts,St. Louis,15.0
225,1930,Complete Games,Washington,78.0
226,1930,ERA,Washington,3.97
227,1930,Fewest Hits Allowed,Washington,1.0
228,1930,Fewest Home Runs Allowed,Washington,52.0
229,1930,Fewest Walks Allowed,Chicago,407.0
230,1930,Saves,Philadelphia,21.0
231,1930,Shutouts,Philadelphia,8.0
232,1931,Complete Games,Philadelphia,97.0
233,1931,ERA,Philadelphia,3.47
234,1931,Fewest Hits Allowed,Philadelphia,1.0
235,1931,Fewest Home Runs Allowed,Boston,54.0
236,1931,Fewest Walks Allowed,St. Louis,448.0
237,1931,Saves,Washington,24.0
238,1931,Shutouts,Philadelphia,12.0
239,1932,Complete Games,New York,96.0
240,1932,ERA,New York,3.99
241,1932,Fewest Hits Allowed,Detroit,1.0
242,1932,Fewest Home Runs Allowed,Cleveland,70.0
243,1932,Fewest Walks Allowed,Cleveland,446.0
244,1932,Saves,Washington,22.0
245,1932,Shutouts,New York,11.0
246,1932,Strikeouts,New York,780.0
247,1933,Complete Games,Cleveland,74.0
248,1933,ERA,Cleveland,3.71
249,1933,Fewest Hits Allowed,Cleveland,1.0
250,1933,Fewest Home Runs Allowed,Cleveland,60.0
251,1933,Fewest Walks Allowed,Washington,452.0
252,1933,Saves,Washington,26.0
253,1933,Shutouts,Cleveland,12.0
254,1934,Complete Games,New York,83.0
255,1934,ERA,New York,3.76
256,1934,Fewest Hits Allowed,New York,1.0
257,1934,Fewest Home Runs Allowed,Cleveland,70.0
258,1934,Fewest Home Runs Allowed,Boston,70.0
259,1934,Fewest Walks Allowed,Detroit,488.0
260,1934,Saves,St. Louis,20.0
261,1934,Shutouts,Detroit,13.0
262,1934,Shutouts,New York,13.0
263,1935,Complete Games,Detroit,87.0
264,1935,ERA,New York,3.6
265,1935,Fewest Hits Allowed,New York,1.0
266,1935,Fewest Home Runs Allowed,Boston,67.0
267,1935,Fewest Walks Allowed,Cleveland,457.0
268,1935,Saves,Cleveland,21.0
269,1936,Complete Games,Chicago,80.0
270,1936,ERA,New York,4.18
271,1936,Fewest Hits Allowed,New York,1.0
272,1936,Fewest Home Runs Allowed,Cleveland,73.0
273,1936,Fewest Home Runs Allowed,Washington,73.0
274,1936,Fewest Walks Allowed,Boston,552.0
275,1936,Saves,New York,21.0
276,1936,Shutouts,Detroit,13.0
277,1936,Strikeouts,New York,624.0
278,1937,Complete Games,New York,82.0
279,1937,ERA,New York,3.65
280,1937,Fewest Hits Allowed,New York,1.0
281,1937,Fewest Home Runs Allowed,Cleveland,61.0
282,1937,Fewest Walks Allowed,New York,506.0
283,1937,Saves,Chicago,21.0
284,1937,Saves,New York,21.0
285,1937,Shutouts,Chicago,15.0
286,1937,Shutouts,New York,15.0
287,1938,Complete Games,New York,91.0
288,1938,ERA,New York,3.92
289,1938,Fewest Hits Allowed,Cleveland,1.0
290,1938,Fewest Home Runs Allowed,New York,85.0
291,1938,Fewest Walks Allowed,Boston,528.0
292,1938,Saves,Cleveland,17.0
293,1938,Shutouts,New York,11.0
294,1938,Strikeouts,Cleveland,717.0
295,1939,Complete Games,New York,87.0
296,1939,ERA,New York,3.31
297,1939,Fewest Hits Allowed,New York,1.0
298,1939,Fewest Home Runs Allowed,Cleveland,75.0
299,1939,Fewest Home Runs Allowed,Washington,75.0
300,1939,Fewest Walks Allowed,Chicago,454.0
301,1939,Saves,New York,26.0
302,1939,Shutouts,New York,15.0
303,1940,Complete Games,Chicago,83.0
304,1940,ERA,Cleveland,3.64
305,1940,Fewest Hits Allowed,Cleveland,1.0
306,1940,Fewest Home Runs Allowed,Cleveland,86.0
307,1940,Fewest Walks Allowed,Chicago,480.0
308,1940,Saves,Detroit,23.0
309,1940,Shutouts,Cleveland,13.0
310,1941,Complete Games,Chicago,106.0
311,1941,ERA,Chicago,3.52
312,1941,Fewest Hits Allowed,New York,1.0
313,1941,Fewest Home Runs Allowed,Washington,69.0
314,1941,Fewest Walks Allowed,Chicago,521.0
315,1941,Saves,New York,26.0
316,1941,Shutouts,Chicago,14.0
317,1942,Complete Games,New York,88.0
318,1942,ERA,New York,2.91
319,1942,Fewest Hits Allowed,New York,1.0
320,1942,Fewest Home Runs Allowed,Washington,50.0
321,1942,Fewest Walks Allowed,New York,431.0
322,1942,Saves,Boston,17.0
323,1942,Saves,New York,17.0
324,1942,Shutouts,New York,18.0
325,1943,Complete Games,New York,83.0
326,1943,ERA,New York,2.93
327,1943,Fewest Hits Allowed,Detroit,1.0
328,1943,Fewest Home Runs Allowed,Washington,48.0
329,1943,Fewest Walks Allowed,St. Louis,488.0
330,1943,Saves,Washington,21.0
331,1943,Shutouts,Detroit,18.0
332,1944,Complete Games,Detroit,87.0
333,1944,ERA,Detroit,3.09
334,1944,Fewest Hits Allowed,Philadelphia,1.0
335,1944,Fewest Home Runs Allowed,Detroit,39.0
336,1944,Fewest Walks Allowed,Philadelphia,390.0
337,1944,Saves,Cleveland,18.0
338,1944,Shutouts,Detroit,20.0
339,1944,Strikeouts,St. Louis,581.0
340,1945,Complete Games,St. Louis,91.0
341,1945,ERA,Washington,2.93
342,1945,Fewest Hits Allowed,Cleveland,1.0
343,1945,Fewest Home Runs Allowed,Cleveland,39.0
344,1945,Fewest Walks Allowed,Washington,440.0
345,1945,Saves,Detroit,16.0
346,1945,Shutouts,Detroit,19.0
347,1945,Shutouts,Washington,19.0
348,1946,Complete Games,Detroit,94.0
349,1946,ERA,Chicago,3.1
350,1946,Fewest Hits Allowed,New York,1.0
351,1946,Fewest Home Runs Allowed,New York,66.0
352,1946,Fewest Walks Allowed,Detroit,497.0
353,1946,Saves,Boston,20.0
354,1946,Shutouts,Detroit,18.0
355,1947,Complete Games,Detroit,77.0
356,1947,ERA,New York,3.4
357,1947,Fewest Hits Allowed,New York,1.0
358,1947,Fewest Home Runs Allowed,Washington,63.0
359,1947,Fewest Walks Allowed,Detroit,531.0
360,1947,Saves,Cleveland,29.0
361,1947,Shutouts,Detroit,15.0
362,1947,Shutouts,Washington,15.0
363,1948,Complete Games,Philadelphia,74.0
364,1948,ERA,Cleveland,3.23
365,1948,Fewest Hits Allowed,Cleveland,1.0
366,1948,Fewest Home Runs Allowed,Washington,81.0
367,1948,Fewest Walks Allowed,Detroit,589.0
368,1948,Saves,Cleveland,30.0
369,1948,Shutouts,Cleveland,26.0
370,1949,Complete Games,Philadelphia,85.0
371,1949,ERA,Cleveland,3.36
372,1949,Fewest Hits Allowed,New York,1.0
373,1949,Fewest Home Runs Allowed,Washington,79.0
374,1949,Fewest Walks Allowed,Cleveland,611.0
375,1949,Saves,New York,36.0
376,1949,Shutouts,Detroit,19.0
377,1950,Complete Games,Detroit,72.0
378,1950,ERA,Cleveland,3.76
379,1950,Fewest Hits Allowed,Cleveland,1.0
380,1950,Fewest Home Runs Allowed,Washington,99.0
381,1950,Fewest Walks Allowed,Detroit,553.0
382,1950,Saves,New York,31.0
383,1951,Complete Games,Cleveland,76.0
384,1951,ERA,Cleveland,3.39
385,1951,Fewest Hits Allowed,Cleveland,1.0
386,1951,Fewest Home Runs Allowed,Cleveland,85.0
387,1951,Fewest Walks Allowed,Chicago,549.0
388,1951,Saves,Boston,24.0
389,1952,Complete Games,Cleveland,80.0
390,1952,ERA,New York,3.15
391,1952,Fewest Hits Allowed,New York,1.0
392,1952,Fewest Home Runs Allowed,Washington,78.0
393,1952,Fewest Walks Allowed,Philadelphia,526.0
394,1952,Saves,Chicago,28.0
395,1953,Complete Games,Cleveland,81.0
396,1953,ERA,New York,3.21
397,1953,Fewest Hits Allowed,New York,1.0
398,1953,Fewest Home Runs Allowed,Boston,92.0
399,1953,Fewest Home Runs Allowed,Cleveland,92.0
400,1953,Fewest Walks Allowed,Washington,478.0
401,1953,Saves,New York,39.0
402,1954,Complete Games,Cleveland,77.0
403,1954,ERA,Cleveland,2.79
404,1954,Fewest Hits Allowed,Cleveland,1.0
405,1954,Fewest Home Runs Allowed,Baltimore,78.0
406,1954,Fewest Walks Allowed,Cleveland,486.0
407,1954,Saves,New York,37.0
408,1955,Complete Games,Detroit,66.0
409,1955,ERA,New York,3.23
410,1955,Fewest Hits Allowed,New York,1.0
411,1955,Fewest Home Runs Allowed,Washington,99.0
412,1955,Fewest Walks Allowed,Chicago,497.0
413,1955,Saves,Cleveland,36.0
414,1956,Complete Games,Cleveland,67.0
415,1956,ERA,Cleveland,3.33
416,1956,Fewest Hits Allowed,Cleveland,1.0
417,1956,Fewest Home Runs Allowed,Baltimore,99.0
418,1956,Fewest Walks Allowed,Chicago,524.0
419,1956,Saves,New York,35.0
420,1957,Complete Games,Chicago,59.0
421,1957,ERA,New York,3.0
422,1957,Fewest Hits Allowed,New York,1.0
423,1957,Fewest Home Runs Allowed,Baltimore,95.0
424,1957,Fewest Walks Allowed,Chicago,470.0
425,1957,Saves,New York,42.0
426,1958,Complete Games,Detroit,59.0
427,1958,ERA,New York,3.22
428,1958,Fewest Hits Allowed,New York,1.0
429,1958,Fewest Home Runs Allowed,Baltimore,106.0
430,1958,Fewest Walks Allowed,Baltimore,403.0
431,1958,Saves,New York,33.0
432,1959,Complete Games,Cleveland,58.0
433,1959,ERA,Chicago,3.29
434,1959,Fewest Hits Allowed,Cleveland,1.0
435,1959,Fewest Home Runs Allowed,Baltimore,111.0
436,1959,Fewest Walks Allowed,Detroit,432.0
437,1959,Saves,Chicago,36.0
438,1959,Shutouts,Baltimore,15.0
439,1960,Complete Games,Baltimore,48.0
440,1960,ERA,New York,3.52
441,1960,Fewest Hits Allowed,Baltimore,1.0
442,1960,Fewest Home Runs Allowed,Baltimore,117.0
443,1960,Fewest Walks Allowed,Detroit,474.0
444,1960,Saves,New York,42.0
445,1961,Complete Games,Detroit,62.0
446,1961,ERA,Baltimore,3.22
447,1961,Fewest Hits Allowed,Baltimore,1.0
448,1961,Fewest Home Runs Allowed,Baltimore,109.0
449,1961,Fewest Walks Allowed,Detroit,469.0
450,1961,Saves,New York,39.0
451,1961,Shutouts,Baltimore,21.0
452,1962,Complete Games,Minnesota,53.0
453,1962,ERA,Baltimore,3.7
454,1962,Fewest Hits Allowed,Baltimore,1.0
455,1962,Fewest Home Runs Allowed,Los Angeles,118.0
456,1962,Fewest Walks Allowed,Minnesota,493.0
457,1962,Saves,Los Angeles,47.0
458,1963,Complete Games,New York,59.0
459,1963,ERA,Chicago,2.98
460,1963,Fewest Hits Allowed,New York,1.0
461,1963,Fewest Home Runs Allowed,Chicago,100.0
462,1963,Fewest Walks Allowed,Chicago,440.0
463,1963,Saves,Baltimore,43.0
464,1964,Complete Games,Minnesota,47.0
465,1964,ERA,Chicago,2.73
466,1964,Fewest Hits Allowed,Chicago,1.0
467,1964,Fewest Home Runs Allowed,Los Angeles,100.0
468,1964,Fewest Walks Allowed,Chicago,401.0
469,1964,Saves,Chicago,45.0
470,1964,Saves,New York,45.0
471,1965,Complete Games,Detroit,45.0
472,1965,ERA,Baltimore,2.98
473,1965,Fewest Hits Allowed,Cleveland,1.0
474,1965,Fewest Home Runs Allowed,California,91.0
475,1965,Fewest Walks Allowed,Chicago,460.0
476,1965,Saves,Chicago,53.0
477,1965,Shutouts,Baltimore,15.0
478,1966,Complete Games,Minnesota,52.0
479,1966,ERA,Chicago,2.69
480,1966,Fewest Hits Allowed,Chicago,1.0
481,1966,Fewest Home Runs Allowed,Chicago,101.0
482,1966,Fewest Walks Allowed,Minnesota,392.0
483,1966,Saves,Baltimore,51.0
484,1966,Shutouts,Chicago,22.0
485,1966,Strikeouts,Cleveland,1.0
486,1967,Complete Games,Minnesota,58.0
487,1967,ERA,Chicago,2.45
488,1967,Fewest Hits Allowed,Chicago,1.0
489,1967,Fewest Home Runs Allowed,Chicago,87.0
490,1967,Fewest Walks Allowed,Minnesota,396.0
491,1967,Saves,California,46.0
492,1967,Shutouts,Chicago,24.0
493,1968,Complete Games,Detroit,59.0
494,1968,ERA,Cleveland,2.66
495,1968,Fewest Hits Allowed,Cleveland,1.0
496,1968,Fewest Home Runs Allowed,Minnesota,92.0
497,1968,Fewest Walks Allowed,Minnesota,414.0
498,1968,Saves,Chicago,40.0
499,1969,Complete Games,Detroit,55.0
500,1969,ERA,Baltimore,2.83
501,1969,Fewest Hits Allowed,Baltimore,1.0
502,1969,Fewest Home Runs Allowed,Baltimore,117.0
503,1969,Fewest Walks Allowed,Baltimore,498.0
504,1969,Saves,Minnesota,43.0
505,1969,Shutouts,Baltimore,20.0
506,1970,Complete Games,Baltimore,60.0
507,1970,ERA,Baltimore,3.15
508,1970,Fewest Hits Allowed,Oakland,1.0
509,1970,Fewest Home Runs Allowed,Minnesota,130.0
510,1970,Fewest Home Runs Allowed,New York,130.0
511,1970,Fewest Walks Allowed,New York,451.0
512,1970,Saves,Minnesota,58.0
513,1971,Complete Games,Baltimore,71.0
514,1971,ERA,Baltimore,2.99
515,1971,Fewest Hits Allowed,Oakland,1.0
516,1971,Fewest Home Runs Allowed,Kansas City,84.0
517,1971,Fewest Walks Allowed,Baltimore,416.0
518,1971,Saves,Kansas City,44.0
519,1971,Shutouts,Milwaukee,23.0
520,1972,Complete Games,Baltimore,62.0
521,1972,ERA,Baltimore,2.53
522,1972,Fewest Hits Allowed,California,1.0
523,1972,Fewest Home Runs Allowed,Baltimore,85.0
524,1972,Fewest Home Runs Allowed,Kansas City,85.0
525,1972,Fewest Walks Allowed,Baltimore,395.0
526,1972,Saves,Oakland,43.0
527,1973,Complete Games,California,72.0
528,1973,ERA,Baltimore,3.07
529,1973,Fewest Hits Allowed,Baltimore,1.0
530,1973,Fewest Home Runs Allowed,California,104.0
531,1973,Fewest Walks Allowed,New York,457.0
532,1973,Saves,Detroit,46.0
533,1974,Complete Games,Boston,71.0
534,1974,ERA,Oakland,2.96
535,1974,Fewest Hits Allowed,Oakland,1.0
536,1974,Fewest Home Runs Allowed,Oakland,90.0
537,1974,Fewest Walks Allowed,Oakland,430.0
538,1974,Saves,Chicago,29.0
539,1974,Saves,Minnesota,29.0
540,1974,Shutouts,Baltimore,16.0
541,1975,Complete Games,Baltimore,70.0
542,1975,Complete Games,New York,70.0
543,1975,ERA,Baltimore,3.17
544,1975,Fewest Hits Allowed,Oakland,1.0
545,1975,Fewest Home Runs Allowed,Oakland,102.0
546,1975,Fewest Walks Allowed,Boston,490.0
547,1975,Saves,Oakland,44.0
548,1975,Shutouts,Baltimore,19.0
549,1976,Complete Games,California,64.0
550,1976,ERA,New York,3.2
551,1976,Fewest Hits Allowed,New York,1.0
552,1976,Fewest Home Runs Allowed,Baltimore,90.0
553,1976,Fewest Home Runs Allowed,Cleveland,90.0
554,1976,Fewest Walks Allowed,Boston,409.0
555,1976,Saves,Cleveland,46.0
556,1977,Complete Games,Baltimore,65.0
557,1977,ERA,Kansas City,3.52
558,1977,Fewest Hits Allowed,Kansas City,1.0
559,1977,Fewest Home Runs Allowed,Kansas City,110.0
560,1977,Fewest Walks Allowed,Boston,378.0
561,1977,Saves,Kansas City,42.0
562,1978,Complete Games,Baltimore,65.0
563,1978,ERA,New York,3.18
564,1978,Fewest Hits Allowed,New York,1.0
565,1978,Fewest Home Runs Allowed,Cleveland,100.0
566,1978,Fewest Walks Allowed,Milwaukee,398.0
567,1978,Saves,New York,36.0
568,1978,Shutouts,Milwaukee,19.0
569,1979,Complete Games,Milwaukee,61.0
570,1979,ERA,Baltimore,3.26
571,1979,Fewest Hits Allowed,Baltimore,1.0
572,1979,Fewest Home Runs Allowed,Chicago,114.0
573,1979,Fewest Walks Allowed,Milwaukee,381.0
574,1979,Saves,Texas,42.0
575,1979,Shutouts,Baltimore,12.0
576,1980,Complete Games,Oakland,94.0
577,1980,ERA,Oakland,3.46
578,1980,Fewest Hits Allowed,Oakland,1.0
579,1980,Fewest Home Runs Allowed,New York,102.0
580,1980,Fewest Walks Allowed,Milwaukee,420.0
581,1980,Saves,New York,50.0
582,1981,Complete Games,Oakland,60.0
583,1981,ERA,New York,2.9
584,1981,Fewest Hits Allowed,New York,827.0
585,1981,Fewest Home Runs Allowed,New York,64.0
586,1981,Fewest Walks Allowed,Kansas City,273.0
587,1981,Saves,Milwaukee,35.0
588,1981,Shutouts,Detroit,13.0
589,1981,Shutouts,New York,13.0
590,1982,Complete Games,Detroit,45.0
591,1982,ERA,Detroit,3.8
592,1982,Fewest Hits Allowed,Detroit,1.0
593,1982,Fewest Home Runs Allowed,Chicago,99.0
594,1982,Fewest Walks Allowed,Chicago,460.0
595,1982,Saves,Milwaukee,47.0
596,1983,Complete Games,New York,47.0
597,1983,ERA,Texas,3.31
598,1983,Fewest Hits Allowed,Detroit,1.0
599,1983,Fewest Home Runs Allowed,Texas,97.0
600,1983,Fewest Walks Allowed,Chicago,447.0
601,1983,Saves,Kansas City,49.0
602,1984,Complete Games,Baltimore,48.0
603,1984,ERA,Detroit,3.49
604,1984,Fewest Hits Allowed,Detroit,1.0
605,1984,Fewest Home Runs Allowed,New York,120.0
606,1984,Fewest Walks Allowed,Kansas City,433.0
607,1984,Saves,Detroit,51.0
608,1985,Complete Games,Minnesota,41.0
609,1985,ERA,Toronto,3.31
610,1985,Fewest Hits Allowed,Toronto,1.0
611,1985,Fewest Home Runs Allowed,Kansas City,103.0
612,1985,Fewest Walks Allowed,Minnesota,462.0
613,1985,Saves,New York,49.0
614,1985,Shutouts,Detroit,11.0
615,1986,Complete Games,Minnesota,39.0
616,1986,ERA,Kansas City,3.82
617,1986,Fewest Hits Allowed,Oakland,1.0
618,1986,Fewest Home Runs Allowed,Kansas City,121.0
619,1986,Fewest Walks Allowed,Boston,474.0
620,1986,Saves,New York,58.0
621,1986,Shutouts,Kansas City,13.0
622,1987,Complete Games,Boston,47.0
623,1987,ERA,Toronto,3.74
624,1987,Fewest Hits Allowed,Toronto,1.0
625,1987,Fewest Home Runs Allowed,Kansas City,128.0
626,1987,Fewest Walks Allowed,Seattle,497.0
627,1987,Saves,New York,47.0
628,1987,Shutouts,Boston,13.0
629,1988,Complete Games,Texas,41.0
630,1988,ERA,Oakland,3.44
631,1988,Fewest Hits Allowed,Texas,1.0
632,1988,Fewest Home Runs Allowed,Kansas City,102.0
633,1988,Fewest Walks Allowed,Milwaukee,437.0
634,1988,Saves,Oakland,64.0
635,1988,Shutouts,Toronto,17.0
636,1989,Complete Games,California,32.0
637,1989,ERA,Oakland,3.09
638,1989,Fewest Hits Allowed,Texas,1.0
639,1989,Fewest Home Runs Allowed,Kansas City,86.0
640,1989,Fewest Walks Allowed,Cleveland,452.0
641,1989,Saves,Oakland,57.0
642,1989,Shutouts,California,20.0
643,1989,Shutouts,Oakland,20.0
644,1990,Complete Games,Texas,25.0
645,1990,ERA,Oakland,3.18
646,1990,Fewest Hits Allowed,Oakland,1.0
647,1990,Fewest Home Runs Allowed,Boston,92.0
648,1990,Fewest Walks Allowed,Toronto,445.0
649,1990,Saves,Chicago,68.0
650,1990,Shutouts,Oakland,16.0
651,1991,Complete Games,Chicago,28.0
652,1991,ERA,Toronto,3.5
653,1991,Fewest Hits Allowed,Toronto,1.0
654,1991,Fewest Home Runs Allowed,Kansas City,105.0
655,1991,Fewest Walks Allowed,Cleveland,441.0
656,1991,Saves,Toronto,60.0
657,1991,Shutouts,Toronto,16.0
658,1992,Complete Games,California,26.0
659,1992,ERA,Milwaukee,3.43
660,1992,Fewest Hits Allowed,Milwaukee,1.0
661,1992,Fewest Home Runs Allowed,Kansas City,106.0
662,1992,Fewest Walks Allowed,Milwaukee,435.0
663,1992,Saves,Oakland,58.0
664,1992,Shutouts,Baltimore,16.0
665,1993,Complete Games,California,26.0
666,1993,Complete Games,Milwaukee,26.0
667,1993,ERA,Chicago,3.7
668,1993,Fewest Hits Allowed,Boston,1.0
669,1993,Fewest Hits Allowed,Kansas City,1.0
670,1993,Fewest Home Runs Allowed,Kansas City,105.0
671,1993,Fewest Walks Allowed,Minnesota,514.0
672,1993,Saves,Toronto,50.0
673,1993,Shutouts,New York,13.0
674,1994,Complete Games,Cleveland,17.0
675,1994,ERA,Chicago,3.96
676,1994,Fewest Hits Allowed,Chicago,964.0
677,1994,Fewest Home Runs Allowed,Cleveland,94.0
678,1994,Fewest Walks Allowed,Baltimore,351.0
679,1994,Saves,Kansas City,38.0
680,1994,Shutouts,Chicago,9.0
681,1994,Shutouts,Oakland,9.0
682,1995,Complete Games,Baltimore,19.0
683,1995,ERA,Cleveland,3.83
684,1995,Fewest Hits Allowed,Baltimore,1.0
685,1995,Fewest Home Runs Allowed,Boston,127.0
686,1995,Fewest Walks Allowed,Cleveland,445.0
687,1995,Saves,Cleveland,50.0
688,1995,Shutouts,Baltimore,10.0
689,1995,Shutouts,Cleveland,10.0
690,1995,Shutouts,Kansas City,10.0
691,1996,Complete Games,Texas,19.0
692,1996,Complete Games,Toronto,19.0
693,1996,ERA,Cleveland,4.34
694,1996,Fewest Hits Allowed,New York,1.0
695,1996,Fewest Home Runs Allowed,New York,143.0
696,1996,Fewest Walks Allowed,Kansas City,460.0
697,1996,Saves,New York,52.0
698,1996,Shutouts,Cleveland,9.0
699,1996,Shutouts,New York,9.0
700,1997,Complete Games,Toronto,19.0
701,1997,ERA,New York,3.84
702,1997,Fewest Hits Allowed,Baltimore,1.0
703,1997,Fewest Home Runs Allowed,New York,144.0
704,1997,Fewest Walks Allowed,Minnesota,495.0
705,1997,Saves,Baltimore,59.0
706,1997,Shutouts,Toronto,16.0
707,1998,Complete Games,New York,22.0
708,1998,ERA,New York,3.82
709,1998,Fewest Hits Allowed,New York,1.0
710,1998,Fewest Home Runs Allowed,New York,156.0
711,1998,Fewest Walks Allowed,Minnesota,458.0
712,1998,Saves,Boston,53.0
713,1998,Shutouts,New York,16.0
714,1999,Complete Games,Baltimore,17.0
715,1999,ERA,Boston,4.0
716,1999,Fewest Hits Allowed,Boston,1.0
717,1999,Fewest Home Runs Allowed,New York,158.0
718,1999,Fewest Walks Allowed,Boston,469.0
719,1999,Saves,Boston,50.0
720,1999,Saves,New York,50.0
721,1999,Shutouts,Baltimore,4.0
722,1999,Shutouts,New York,4.0
723,2000,Complete Games,Toronto,15.0
724,2000,ERA,Boston,4.24
725,2000,Fewest Hits Allowed,Boston,1.0
726,2000,Fewest Home Runs Allowed,Oakland,158.0
727,2000,Fewest Walks Allowed,Detroit,496.0
728,2000,Saves,Anaheim,46.0
729,2000,Saves,Boston,46.0
730,2000,Shutouts,Boston,12.0
731,2001,Complete Games,Detroit,16.0
732,2001,ERA,Seattle,3.54
733,2001,Fewest Hits Allowed,Seattle,1.0
734,2001,Fewest Home Runs Allowed,Boston,146.0
735,2001,Fewest Walks Allowed,Oakland,440.0
736,2001,Saves,New York,57.0
737,2001,Shutouts,Seattle,14.0
738,2002,Anaheim,99,63.0
739,2002,Baltimore,67,95.0
740,2002,Boston,93,69.0
741,2002,Chicago,81,81.0
742,2002,Cleveland,74,88.0
743,2002,Detroit,55,106.0
744,2002,Kansas City,62,100.0
745,2002,Minnesota,94,67.0
746,2002,New York,103,58.0
747,2002,Oakland,103,59.0
748,2002,Seattle,93,69.0
749,2002,Tampa Bay,55,106.0
750,2002,Texas,72,90.0
751,2002,Toronto,78,84.0
752,2003,Anaheim,77,85.0
753,2003,Baltimore,71,91.0
754,2003,Boston,95,67.0
755,2003,Chicago,86,76.0
756,2003,Cleveland,68,94.0
757,2003,Detroit,43,119.0
758,2003,Kansas City,83,79.0
759,2003,Minnesota,90,72.0
760,2003,New York,101,61.0
761,2003,Oakland,96,66.0
762,2003,Seattle,93,69.0
763,2003,Tampa Bay,63,99.0
764,2003,Texas,71,91.0
765,2003,Toronto,86,76.0
766,2004,Anaheim,92,70.0
767,2004,Baltimore,78,84.0
768,2004,Boston,98,64.0
769,2004,Chicago,83,79.0
770,2004,Cleveland,80,82.0
771,2004,Detroit,72,90.0
772,2004,Kansas City,58,104.0
773,2004,Minnesota,92,70.0
774,2004,New York,101,61.0
775,2004,Oakland,91,71.0
776,2004,Seattle,63,99.0
777,2004,Tampa Bay,70,91.0
778,2004,Texas,89,73.0
779,2004,Toronto,67,94.0
